user_id,name,signup_date,engagement_type,converted_to_paid,preferred_topic
U0001,User1000,2025-12-29,one_time,False,Relationship
U0002,User1001,2025-10-23,occasional,True,Career
U0003,User1002,2026-02-12,loyal,True,General Vedic
U0004,User1003,2025-08-12,occasional,True,Relationship
U0005,User1004,2026-01-16,one_time,True,Relationship
U0006,User1005,2025-08-14,occasional,False,Family
U0007,User1006,2025-11-03,occasional,True,Finance
U0008,User1007,2026-01-21,one_time,True,Marriage
U0009,User1008,2025-11-04,one_time,False,Career
U0010,User1009,2026-04-28,loyal,True,Finance
U0011,User1010,2026-04-26,one_time,False,Career
U0012,User1011,2025-07-26,occasional,False,Finance
U0013,User1012,2025-09-15,occasional,True,Marriage
U0014,User1013,2026-03-18,one_time,False,Career
U0015,User1014,2026-03-01,occasional,True,Finance
U0016,User1015,2026-05-11,occasional,True,General Vedic
U0017,User1016,2026-03-28,one_time,False,Health
U0018,User1017,2026-06-04,loyal,False,Relationship
U0019,User1018,2025-08-13,occasional,True,Career
U0020,User1019,2026-03-21,occasional,False,Family
U0021,User1020,2026-04-02,loyal,True,Family
U0022,User1021,2025-08-17,occasional,True,Family
U0023,User1022,2026-06-15,one_time,True,Health
U0024,User1023,2025-08-02,one_time,False,Health
U0025,User1024,2026-03-13,one_time,False,Marriage
U0026,User1025,2026-03-03,one_time,True,Career
U0027,User1026,2025-07-22,occasional,True,Finance
U0028,User1027,2026-05-06,one_time,False,Family
U0029,User1028,2026-01-20,one_time,False,Relationship
U0030,User1029,2026-05-05,occasional,False,Relationship
U0031,User1030,2025-12-29,loyal,True,Career
U0032,User1031,2026-06-08,one_time,False,Finance
U0033,User1032,2025-10-08,loyal,True,Career
U0034,User1033,2025-09-16,one_time,False,Relationship
U0035,User1034,2025-09-29,occasional,True,Marriage
U0036,User1035,2025-11-22,occasional,True,Relationship
U0037,User1036,2025-07-13,one_time,True,Career
U0038,User1037,2025-10-06,occasional,False,Relationship
U0039,User1038,2025-08-09,one_time,True,Career
U0040,User1039,2025-08-07,one_time,True,Career
U0041,User1040,2026-01-22,one_time,False,Relationship
U0042,User1041,2025-11-28,occasional,False,Career
U0043,User1042,2025-08-18,one_time,False,Relationship
U0044,User1043,2026-03-28,one_time,False,Career
U0045,User1044,2025-10-25,loyal,True,General Vedic
U0046,User1045,2026-05-14,loyal,True,Family
U0047,User1046,2025-09-09,one_time,False,Marriage
U0048,User1047,2025-12-16,one_time,True,Career
U0049,User1048,2026-04-21,occasional,True,Relationship
U0050,User1049,2026-01-26,one_time,False,Relationship
U0051,User1050,2025-10-31,loyal,True,Marriage
U0052,User1051,2025-08-09,loyal,True,Marriage
U0053,User1052,2026-05-23,occasional,True,Family
U0054,User1053,2026-03-11,loyal,True,Career
U0055,User1054,2025-12-01,occasional,True,General Vedic
U0056,User1055,2026-05-19,loyal,True,Health
U0057,User1056,2026-05-17,loyal,True,Finance
U0058,User1057,2026-03-22,one_time,False,Marriage
U0059,User1058,2025-10-12,occasional,True,Finance
U0060,User1059,2025-09-30,loyal,True,Career
U0061,User1060,2025-10-12,occasional,True,Relationship
U0062,User1061,2026-01-25,loyal,True,Relationship
U0063,User1062,2026-03-02,one_time,False,Marriage
U0064,User1063,2026-04-24,one_time,False,General Vedic
U0065,User1064,2025-11-20,loyal,False,Family
U0066,User1065,2026-01-05,loyal,True,Finance
U0067,User1066,2026-01-05,one_time,True,Marriage
U0068,User1067,2025-11-28,loyal,True,Marriage
U0069,User1068,2025-12-23,one_time,True,General Vedic
U0070,User1069,2025-08-08,loyal,True,Career
U0071,User1070,2026-06-08,loyal,True,General Vedic
U0072,User1071,2025-11-02,one_time,True,Family
U0073,User1072,2026-06-12,one_time,True,Career
U0074,User1073,2025-08-11,one_time,False,Relationship
U0075,User1074,2026-03-25,loyal,True,Family
U0076,User1075,2026-05-28,occasional,True,Career
U0077,User1076,2025-10-22,one_time,False,Health
U0078,User1077,2025-12-27,one_time,True,Relationship
U0079,User1078,2025-12-21,occasional,True,Finance
U0080,User1079,2025-07-18,one_time,False,Career
U0081,User1080,2025-09-28,one_time,False,Health
U0082,User1081,2026-04-15,occasional,True,General Vedic
U0083,User1082,2026-01-25,one_time,False,General Vedic
U0084,User1083,2025-12-02,one_time,False,Marriage
U0085,User1084,2025-07-21,one_time,True,Marriage
U0086,User1085,2026-05-02,occasional,True,Relationship
U0087,User1086,2025-07-29,one_time,True,Relationship
U0088,User1087,2025-11-28,occasional,True,Finance
U0089,User1088,2025-12-13,occasional,True,Health
U0090,User1089,2025-11-08,occasional,True,Relationship
U0091,User1090,2025-09-15,occasional,False,Marriage
U0092,User1091,2025-10-09,occasional,True,Health
U0093,User1092,2026-06-02,occasional,False,Career
U0094,User1093,2026-05-08,one_time,True,Relationship
U0095,User1094,2025-08-14,occasional,False,Relationship
U0096,User1095,2026-06-12,one_time,True,Relationship
U0097,User1096,2026-05-21,loyal,True,Family
U0098,User1097,2025-07-13,occasional,True,Career
U0099,User1098,2025-10-02,one_time,True,Health
U0100,User1099,2025-12-20,loyal,True,General Vedic
U0101,User1100,2025-12-28,one_time,True,Family
U0102,User1101,2026-01-15,occasional,True,Career
U0103,User1102,2025-08-01,loyal,True,Marriage
U0104,User1103,2026-06-01,occasional,True,Relationship
U0105,User1104,2025-08-30,loyal,True,Family
U0106,User1105,2025-11-12,one_time,False,Relationship
U0107,User1106,2026-02-24,loyal,True,Marriage
U0108,User1107,2026-01-03,loyal,True,Relationship
U0109,User1108,2025-09-01,occasional,True,General Vedic
U0110,User1109,2025-12-18,occasional,True,Career
U0111,User1110,2025-11-22,one_time,True,Finance
U0112,User1111,2025-08-05,one_time,False,Finance
U0113,User1112,2025-09-17,loyal,True,General Vedic
U0114,User1113,2025-11-18,occasional,False,Health
U0115,User1114,2025-12-26,one_time,False,Finance
U0116,User1115,2025-10-10,loyal,True,Family
U0117,User1116,2025-11-12,occasional,True,Family
U0118,User1117,2026-02-19,occasional,True,General Vedic
U0119,User1118,2026-05-22,one_time,False,Health
U0120,User1119,2025-09-20,loyal,True,Relationship
U0121,User1120,2026-02-11,one_time,False,Family
U0122,User1121,2026-05-10,loyal,True,Career
U0123,User1122,2026-05-13,one_time,True,Marriage
U0124,User1123,2025-11-17,occasional,True,General Vedic
U0125,User1124,2026-03-22,occasional,True,Health
U0126,User1125,2026-03-28,one_time,False,Relationship
U0127,User1126,2025-08-26,loyal,True,Family
U0128,User1127,2026-04-14,loyal,True,Relationship
U0129,User1128,2026-05-07,one_time,False,General Vedic
U0130,User1129,2025-12-03,occasional,True,Career
U0131,User1130,2025-12-10,one_time,False,Relationship
U0132,User1131,2026-06-10,occasional,False,Finance
U0133,User1132,2026-02-19,one_time,True,General Vedic
U0134,User1133,2025-08-16,occasional,True,Finance
U0135,User1134,2025-08-30,one_time,True,Health
U0136,User1135,2026-03-26,one_time,False,Health
U0137,User1136,2025-08-28,occasional,True,Health
U0138,User1137,2026-01-06,loyal,True,Finance
U0139,User1138,2026-01-22,one_time,False,Marriage
U0140,User1139,2025-11-07,one_time,True,Career
U0141,User1140,2025-12-04,one_time,False,Relationship
U0142,User1141,2026-05-25,one_time,False,Career
U0143,User1142,2026-01-15,occasional,True,Relationship
U0144,User1143,2026-04-07,one_time,False,Career
U0145,User1144,2026-03-15,occasional,True,Health
U0146,User1145,2026-01-01,loyal,True,Relationship
U0147,User1146,2025-08-27,occasional,True,General Vedic
U0148,User1147,2025-10-27,one_time,False,Career
U0149,User1148,2026-02-28,one_time,True,Career
U0150,User1149,2026-05-01,one_time,False,Relationship
U0151,User1150,2026-03-30,occasional,True,Health
U0152,User1151,2025-11-28,occasional,False,Health
U0153,User1152,2026-03-24,one_time,False,General Vedic
U0154,User1153,2025-08-08,one_time,True,Health
U0155,User1154,2026-03-08,occasional,True,Career
U0156,User1155,2026-04-04,one_time,True,Career
U0157,User1156,2025-09-02,occasional,True,General Vedic
U0158,User1157,2025-10-19,occasional,True,Family
U0159,User1158,2025-09-19,one_time,True,Career
U0160,User1159,2025-12-26,loyal,True,General Vedic
U0161,User1160,2026-01-26,loyal,True,Career
U0162,User1161,2025-12-16,occasional,True,Health
U0163,User1162,2026-05-30,one_time,False,Relationship
U0164,User1163,2025-11-26,occasional,True,Finance
U0165,User1164,2025-09-30,occasional,False,Relationship
U0166,User1165,2025-12-06,occasional,False,Marriage
U0167,User1166,2025-08-01,one_time,False,Family
U0168,User1167,2026-05-16,one_time,True,Career
U0169,User1168,2025-07-17,loyal,True,Family
U0170,User1169,2025-08-10,loyal,True,Family
U0171,User1170,2025-12-17,occasional,True,General Vedic
U0172,User1171,2025-09-23,loyal,True,Career
U0173,User1172,2026-01-13,occasional,True,Family
U0174,User1173,2026-06-09,loyal,True,Finance
U0175,User1174,2026-02-06,occasional,False,Marriage
U0176,User1175,2026-01-28,one_time,False,Career
U0177,User1176,2026-03-04,one_time,False,Relationship
U0178,User1177,2025-10-27,one_time,False,Relationship
U0179,User1178,2025-07-20,one_time,False,Relationship
U0180,User1179,2026-04-14,one_time,False,Finance
U0181,User1180,2025-08-20,occasional,True,Family
U0182,User1181,2026-05-10,loyal,False,General Vedic
U0183,User1182,2025-11-28,loyal,True,Finance
U0184,User1183,2026-05-23,one_time,False,Finance
U0185,User1184,2026-05-20,one_time,False,Finance
U0186,User1185,2026-03-22,occasional,True,Relationship
U0187,User1186,2026-06-06,occasional,False,Career
U0188,User1187,2025-09-27,loyal,True,Health
U0189,User1188,2025-11-07,one_time,True,Family
U0190,User1189,2026-01-27,loyal,True,Relationship
U0191,User1190,2026-03-08,one_time,False,Family
U0192,User1191,2026-04-23,occasional,True,Marriage
U0193,User1192,2026-02-14,occasional,False,Marriage
U0194,User1193,2026-05-03,loyal,True,Career
U0195,User1194,2025-08-23,one_time,False,Relationship
U0196,User1195,2026-06-06,occasional,True,Marriage
U0197,User1196,2025-09-04,one_time,False,Marriage
U0198,User1197,2025-07-15,one_time,True,Career
U0199,User1198,2026-05-28,one_time,False,Health
U0200,User1199,2025-09-19,one_time,False,Finance
U0201,User1200,2025-12-11,one_time,True,Marriage
U0202,User1201,2025-07-14,one_time,False,Relationship
U0203,User1202,2025-11-08,loyal,True,Finance
U0204,User1203,2026-02-28,occasional,False,Relationship
U0205,User1204,2026-05-17,one_time,True,Marriage
U0206,User1205,2025-10-29,loyal,True,Relationship
U0207,User1206,2025-10-17,loyal,True,Finance
U0208,User1207,2026-02-12,occasional,False,Relationship
U0209,User1208,2026-01-31,occasional,True,Career
U0210,User1209,2026-02-20,one_time,False,Finance
U0211,User1210,2025-08-19,one_time,False,Health
U0212,User1211,2026-02-25,one_time,True,Relationship
U0213,User1212,2026-03-13,one_time,False,Career
U0214,User1213,2026-03-12,occasional,False,Finance
U0215,User1214,2026-03-04,one_time,False,Relationship
U0216,User1215,2025-11-16,occasional,True,Health
U0217,User1216,2026-02-13,occasional,False,Relationship
U0218,User1217,2026-01-17,occasional,True,Relationship
U0219,User1218,2026-01-31,one_time,False,General Vedic
U0220,User1219,2025-08-10,occasional,False,Marriage
U0221,User1220,2025-10-22,occasional,True,Relationship
U0222,User1221,2026-03-27,occasional,True,Health
U0223,User1222,2025-12-04,loyal,True,Health
U0224,User1223,2026-04-20,loyal,True,Career
U0225,User1224,2026-01-14,one_time,True,Marriage
U0226,User1225,2025-07-12,occasional,False,Career
U0227,User1226,2025-11-28,one_time,False,Finance
U0228,User1227,2025-09-21,one_time,True,Marriage
U0229,User1228,2026-03-26,occasional,True,General Vedic
U0230,User1229,2025-12-28,loyal,True,Family
U0231,User1230,2026-02-28,loyal,True,Career
U0232,User1231,2026-02-28,occasional,False,Health
U0233,User1232,2025-08-02,loyal,True,Health
U0234,User1233,2026-01-26,occasional,True,Health
U0235,User1234,2026-02-26,one_time,True,Career
U0236,User1235,2026-04-25,one_time,False,Career
U0237,User1236,2025-10-06,occasional,True,Health
U0238,User1237,2025-09-10,loyal,True,Career
U0239,User1238,2025-12-13,one_time,False,Marriage
U0240,User1239,2025-10-09,occasional,True,Career
U0241,User1240,2025-11-08,one_time,True,Career
U0242,User1241,2025-10-04,one_time,False,General Vedic
U0243,User1242,2025-07-16,one_time,False,Health
U0244,User1243,2025-11-06,loyal,True,Relationship
U0245,User1244,2025-07-30,occasional,True,Finance
U0246,User1245,2026-03-10,loyal,True,Career
U0247,User1246,2026-02-10,occasional,True,Family
U0248,User1247,2026-01-02,loyal,True,Relationship
U0249,User1248,2026-04-22,occasional,True,Career
U0250,User1249,2026-03-01,one_time,False,Finance
U0251,User1250,2025-09-04,one_time,False,General Vedic
U0252,User1251,2025-08-18,one_time,False,Career
U0253,User1252,2026-06-07,occasional,True,Marriage
U0254,User1253,2026-04-05,one_time,False,Relationship
U0255,User1254,2026-03-25,one_time,True,Finance
U0256,User1255,2026-05-29,one_time,False,Career
U0257,User1256,2026-05-30,one_time,True,Health
U0258,User1257,2026-05-08,occasional,True,General Vedic
U0259,User1258,2026-04-06,one_time,False,Finance
U0260,User1259,2026-01-31,loyal,False,Marriage
U0261,User1260,2026-03-10,occasional,True,Finance
U0262,User1261,2025-07-21,one_time,True,Career
U0263,User1262,2026-06-06,loyal,True,Marriage
U0264,User1263,2025-11-28,occasional,False,Relationship
U0265,User1264,2026-03-16,one_time,False,Finance
U0266,User1265,2026-01-14,occasional,True,Relationship
U0267,User1266,2026-03-05,one_time,False,Career
U0268,User1267,2026-04-21,occasional,True,Health
U0269,User1268,2026-04-16,loyal,True,General Vedic
U0270,User1269,2025-11-25,one_time,False,Career
U0271,User1270,2025-08-02,one_time,True,Family
U0272,User1271,2025-10-28,loyal,True,Career
U0273,User1272,2025-08-02,loyal,True,Finance
U0274,User1273,2026-02-24,one_time,False,Marriage
U0275,User1274,2026-03-27,occasional,False,Career
U0276,User1275,2025-07-23,occasional,True,Career
U0277,User1276,2025-12-27,loyal,False,Finance
U0278,User1277,2026-01-04,occasional,True,Career
U0279,User1278,2026-04-02,loyal,True,Health
U0280,User1279,2025-09-05,one_time,False,Family
U0281,User1280,2025-11-15,one_time,False,Career
U0282,User1281,2025-11-01,occasional,True,Career
U0283,User1282,2025-12-31,one_time,False,Relationship
U0284,User1283,2026-02-19,loyal,True,Finance
U0285,User1284,2025-08-20,loyal,True,Career
U0286,User1285,2025-11-13,occasional,False,Career
U0287,User1286,2025-12-13,occasional,True,General Vedic
U0288,User1287,2026-03-06,loyal,True,Career
U0289,User1288,2026-05-24,occasional,True,Marriage
U0290,User1289,2025-08-09,one_time,True,Career
U0291,User1290,2026-04-10,one_time,False,Family
U0292,User1291,2025-07-24,loyal,True,General Vedic
U0293,User1292,2025-08-07,one_time,False,General Vedic
U0294,User1293,2025-09-19,loyal,True,Marriage
U0295,User1294,2026-03-13,one_time,True,Career
U0296,User1295,2026-02-14,occasional,False,Finance
U0297,User1296,2026-03-01,one_time,False,Career
U0298,User1297,2026-04-24,occasional,False,Relationship
U0299,User1298,2026-02-16,one_time,True,Finance
U0300,User1299,2026-04-25,loyal,True,Career
U0301,User1300,2025-08-27,loyal,False,Relationship
U0302,User1301,2025-11-18,one_time,False,General Vedic
U0303,User1302,2026-02-26,one_time,True,Relationship
U0304,User1303,2025-09-27,occasional,True,Relationship
U0305,User1304,2025-08-14,occasional,True,Career
U0306,User1305,2026-04-20,occasional,True,Marriage
U0307,User1306,2026-05-14,loyal,True,Career
U0308,User1307,2026-01-02,occasional,True,Career
U0309,User1308,2026-06-11,loyal,True,Career
U0310,User1309,2026-01-08,loyal,True,Marriage
U0311,User1310,2026-04-12,occasional,True,Finance
U0312,User1311,2025-08-29,occasional,True,Marriage
U0313,User1312,2026-02-11,loyal,True,Career
U0314,User1313,2025-12-27,occasional,True,Finance
U0315,User1314,2026-04-01,occasional,True,General Vedic
U0316,User1315,2025-08-16,one_time,True,Marriage
U0317,User1316,2025-10-12,loyal,True,Relationship
U0318,User1317,2025-10-01,occasional,True,Relationship
U0319,User1318,2025-10-19,one_time,True,Marriage
U0320,User1319,2025-12-11,loyal,True,Marriage
U0321,User1320,2026-03-14,loyal,True,Marriage
U0322,User1321,2026-03-27,one_time,False,Relationship
U0323,User1322,2026-02-12,one_time,True,Relationship
U0324,User1323,2026-05-03,one_time,False,Marriage
U0325,User1324,2026-06-08,occasional,True,General Vedic
U0326,User1325,2025-08-26,loyal,True,Career
U0327,User1326,2025-12-01,one_time,False,Finance
U0328,User1327,2026-01-05,occasional,True,Relationship
U0329,User1328,2026-05-24,loyal,True,General Vedic
U0330,User1329,2025-09-01,one_time,True,Finance
U0331,User1330,2026-01-21,loyal,True,Career
U0332,User1331,2026-02-19,one_time,False,Relationship
U0333,User1332,2026-06-15,loyal,True,Health
U0334,User1333,2025-10-28,one_time,True,Finance
U0335,User1334,2026-01-25,loyal,False,Relationship
U0336,User1335,2026-03-29,occasional,True,Family
U0337,User1336,2025-12-02,occasional,True,Career
U0338,User1337,2026-02-08,occasional,True,Career
U0339,User1338,2025-10-12,occasional,True,Family
U0340,User1339,2025-09-14,one_time,True,Relationship
U0341,User1340,2025-10-08,occasional,True,General Vedic
U0342,User1341,2025-08-27,one_time,False,Relationship
U0343,User1342,2026-05-18,occasional,True,Career
U0344,User1343,2025-10-03,one_time,True,Health
U0345,User1344,2025-12-15,loyal,True,Relationship
U0346,User1345,2025-09-17,one_time,False,Relationship
U0347,User1346,2025-11-14,loyal,True,Finance
U0348,User1347,2026-02-01,loyal,True,Health
U0349,User1348,2026-05-23,loyal,True,Relationship
U0350,User1349,2026-03-31,occasional,True,Health
U0351,User1350,2026-05-11,loyal,True,Marriage
U0352,User1351,2025-10-12,occasional,True,Relationship
U0353,User1352,2025-07-16,one_time,False,Finance
U0354,User1353,2026-03-27,one_time,False,Relationship
U0355,User1354,2026-03-10,occasional,True,Health
U0356,User1355,2025-10-29,loyal,True,General Vedic
U0357,User1356,2026-02-16,one_time,False,Career
U0358,User1357,2025-11-12,one_time,True,Health
U0359,User1358,2025-11-21,one_time,True,Family
U0360,User1359,2025-07-18,one_time,False,Health
U0361,User1360,2026-01-13,one_time,False,Marriage
U0362,User1361,2026-04-03,one_time,False,Career
U0363,User1362,2026-01-26,one_time,False,Relationship
U0364,User1363,2025-07-30,loyal,True,Marriage
U0365,User1364,2025-09-18,occasional,True,General Vedic
U0366,User1365,2026-03-25,occasional,True,Marriage
U0367,User1366,2026-05-06,occasional,True,General Vedic
U0368,User1367,2026-01-15,loyal,True,Career
U0369,User1368,2026-04-20,loyal,True,Career
U0370,User1369,2025-08-14,one_time,True,Career
U0371,User1370,2026-05-18,loyal,True,Finance
U0372,User1371,2026-05-22,occasional,False,Finance
U0373,User1372,2025-08-01,occasional,True,Marriage
U0374,User1373,2025-10-17,one_time,True,Career
U0375,User1374,2025-09-18,one_time,False,Health
U0376,User1375,2025-09-03,one_time,True,Career
U0377,User1376,2025-11-07,occasional,True,Relationship
U0378,User1377,2025-08-11,occasional,True,Finance
U0379,User1378,2026-02-25,one_time,False,Career
U0380,User1379,2025-10-24,occasional,True,Relationship
U0381,User1380,2025-09-06,occasional,False,Marriage
U0382,User1381,2025-10-07,occasional,False,Marriage
U0383,User1382,2025-11-10,occasional,True,Marriage
U0384,User1383,2025-11-24,occasional,True,Marriage
U0385,User1384,2025-12-24,loyal,True,Career
U0386,User1385,2026-01-14,one_time,False,Family
U0387,User1386,2026-04-04,one_time,False,Career
U0388,User1387,2025-12-05,occasional,True,Relationship
U0389,User1388,2026-04-25,occasional,True,Family
U0390,User1389,2026-03-30,loyal,True,Relationship
U0391,User1390,2025-10-28,one_time,False,General Vedic
U0392,User1391,2026-03-19,occasional,False,General Vedic
U0393,User1392,2026-02-08,one_time,True,Marriage
U0394,User1393,2025-12-19,loyal,True,Health
U0395,User1394,2026-06-04,one_time,False,Marriage
U0396,User1395,2026-02-27,occasional,True,Relationship
U0397,User1396,2025-12-19,one_time,False,Marriage
U0398,User1397,2026-05-04,one_time,False,Career
U0399,User1398,2026-05-09,one_time,True,Career
U0400,User1399,2026-04-17,one_time,True,Health
U0401,User1400,2025-12-22,one_time,False,Career
U0402,User1401,2025-11-22,loyal,True,Career
U0403,User1402,2026-02-22,loyal,True,Finance
U0404,User1403,2025-12-12,occasional,False,Marriage
U0405,User1404,2025-08-07,one_time,True,Career
U0406,User1405,2026-01-05,one_time,True,Marriage
U0407,User1406,2026-03-24,occasional,False,Family
U0408,User1407,2025-11-21,one_time,False,Relationship
U0409,User1408,2025-08-26,one_time,False,Career
U0410,User1409,2026-04-01,loyal,True,General Vedic
U0411,User1410,2026-03-05,one_time,True,Family
U0412,User1411,2025-08-06,loyal,False,Finance
U0413,User1412,2026-05-25,one_time,False,Relationship
U0414,User1413,2025-09-01,occasional,True,Career
U0415,User1414,2026-04-15,occasional,True,Relationship
U0416,User1415,2025-09-01,loyal,True,Career
U0417,User1416,2025-10-12,one_time,False,Career
U0418,User1417,2026-01-10,loyal,True,Relationship
U0419,User1418,2026-01-05,occasional,True,General Vedic
U0420,User1419,2025-08-05,one_time,False,Relationship
U0421,User1420,2026-01-26,one_time,True,Relationship
U0422,User1421,2026-01-06,loyal,True,Marriage
U0423,User1422,2026-03-23,loyal,True,Marriage
U0424,User1423,2025-11-07,one_time,False,Career
U0425,User1424,2026-01-13,one_time,False,Marriage
U0426,User1425,2026-04-30,one_time,False,Relationship
U0427,User1426,2025-10-01,occasional,True,Marriage
U0428,User1427,2026-05-11,one_time,False,Marriage
U0429,User1428,2026-04-28,occasional,True,Marriage
U0430,User1429,2026-06-09,one_time,False,Career
U0431,User1430,2026-03-24,occasional,False,Finance
U0432,User1431,2025-09-30,loyal,True,Marriage
U0433,User1432,2025-12-16,occasional,False,Career
U0434,User1433,2026-04-28,occasional,True,Marriage
U0435,User1434,2026-03-10,loyal,False,Relationship
U0436,User1435,2026-01-06,occasional,True,General Vedic
U0437,User1436,2025-07-16,occasional,True,Health
U0438,User1437,2025-07-21,occasional,False,Relationship
U0439,User1438,2025-08-10,occasional,True,Career
U0440,User1439,2025-07-19,one_time,False,Career
U0441,User1440,2026-02-10,occasional,True,Family
U0442,User1441,2026-03-19,occasional,False,Finance
U0443,User1442,2026-06-02,one_time,True,Marriage
U0444,User1443,2025-08-14,one_time,False,Career
U0445,User1444,2025-08-12,loyal,True,Family
U0446,User1445,2025-08-02,loyal,True,Marriage
U0447,User1446,2025-09-24,occasional,True,General Vedic
U0448,User1447,2026-04-17,one_time,True,Relationship
U0449,User1448,2025-09-09,one_time,True,Relationship
U0450,User1449,2026-06-05,one_time,True,Career
U0451,User1450,2026-04-01,one_time,False,General Vedic
U0452,User1451,2026-04-09,occasional,True,Family
U0453,User1452,2025-10-10,occasional,True,Family
U0454,User1453,2025-09-02,loyal,True,Career
U0455,User1454,2026-01-16,loyal,True,Career
U0456,User1455,2025-09-28,occasional,True,Health
U0457,User1456,2025-10-04,one_time,True,Marriage
U0458,User1457,2026-03-15,one_time,False,Health
U0459,User1458,2025-08-28,one_time,True,Marriage
U0460,User1459,2025-08-17,one_time,False,Career
U0461,User1460,2025-11-22,one_time,False,Relationship
U0462,User1461,2025-12-06,loyal,False,Health
U0463,User1462,2025-08-05,one_time,False,Finance
U0464,User1463,2025-12-20,one_time,True,Finance
U0465,User1464,2026-03-20,occasional,False,Career
U0466,User1465,2026-05-27,occasional,True,Career
U0467,User1466,2026-03-20,loyal,True,Finance
U0468,User1467,2025-08-16,occasional,True,Career
U0469,User1468,2025-09-30,loyal,True,General Vedic
U0470,User1469,2026-01-13,one_time,False,General Vedic
U0471,User1470,2026-02-26,one_time,False,Career
U0472,User1471,2026-02-16,loyal,True,Career
U0473,User1472,2026-05-08,one_time,False,Career
U0474,User1473,2025-11-06,loyal,True,Career
U0475,User1474,2025-08-01,one_time,True,Career
U0476,User1475,2026-02-11,one_time,False,Career
U0477,User1476,2026-03-04,one_time,True,Marriage
U0478,User1477,2025-11-15,occasional,True,General Vedic
U0479,User1478,2026-05-06,occasional,True,Marriage
U0480,User1479,2025-08-11,occasional,True,Career
U0481,User1480,2026-06-06,occasional,True,Family
U0482,User1481,2026-05-04,loyal,True,Family
U0483,User1482,2025-12-20,loyal,True,Career
U0484,User1483,2025-08-25,loyal,True,Career
U0485,User1484,2025-10-20,one_time,True,General Vedic
U0486,User1485,2025-10-20,occasional,True,General Vedic
U0487,User1486,2025-11-29,occasional,True,Career
U0488,User1487,2025-11-21,occasional,True,Family
U0489,User1488,2026-03-02,loyal,True,Marriage
U0490,User1489,2025-10-02,one_time,False,Finance
U0491,User1490,2025-11-18,loyal,True,Career
U0492,User1491,2025-07-13,one_time,True,Family
U0493,User1492,2025-11-19,occasional,True,Relationship
U0494,User1493,2025-08-08,one_time,False,Career
U0495,User1494,2026-05-02,one_time,False,Relationship
U0496,User1495,2025-12-03,loyal,True,Family
U0497,User1496,2025-09-06,loyal,True,Career
U0498,User1497,2026-02-11,one_time,True,Family
U0499,User1498,2025-07-15,one_time,True,Career
U0500,User1499,2025-08-27,one_time,True,Finance
U0501,User1500,2026-03-12,occasional,True,General Vedic
U0502,User1501,2025-09-19,one_time,True,Marriage
U0503,User1502,2026-05-09,loyal,True,Relationship
U0504,User1503,2025-11-02,one_time,False,Relationship
U0505,User1504,2025-09-29,one_time,True,Health
U0506,User1505,2026-03-23,occasional,True,Health
U0507,User1506,2026-01-19,one_time,True,Family
U0508,User1507,2026-04-26,loyal,True,Career
U0509,User1508,2026-02-20,occasional,True,Finance
U0510,User1509,2025-10-02,loyal,True,Career
U0511,User1510,2025-11-20,occasional,False,General Vedic
U0512,User1511,2025-11-26,loyal,True,Relationship
U0513,User1512,2025-12-17,one_time,False,Relationship
U0514,User1513,2025-08-04,occasional,True,Relationship
U0515,User1514,2026-05-01,occasional,True,Career
U0516,User1515,2026-05-25,occasional,False,Family
U0517,User1516,2026-05-29,one_time,False,Health
U0518,User1517,2025-10-24,occasional,True,Family
U0519,User1518,2026-05-27,loyal,True,Family
U0520,User1519,2025-11-29,loyal,True,Marriage
U0521,User1520,2025-09-05,occasional,True,Finance
U0522,User1521,2025-12-04,occasional,True,Finance
U0523,User1522,2025-09-18,loyal,True,Career
U0524,User1523,2025-11-16,one_time,False,Finance
U0525,User1524,2026-02-01,one_time,False,Health
U0526,User1525,2025-11-27,occasional,True,Marriage
U0527,User1526,2026-06-04,loyal,True,Career
U0528,User1527,2025-10-14,one_time,False,General Vedic
U0529,User1528,2025-07-16,occasional,True,Health
U0530,User1529,2026-03-29,one_time,False,Career
U0531,User1530,2025-08-14,occasional,True,General Vedic
U0532,User1531,2025-07-25,loyal,True,Career
U0533,User1532,2025-10-29,loyal,True,General Vedic
U0534,User1533,2025-12-29,loyal,True,General Vedic
U0535,User1534,2026-05-28,loyal,True,Relationship
U0536,User1535,2025-12-17,one_time,True,Health
U0537,User1536,2026-06-09,one_time,True,Career
U0538,User1537,2026-03-31,occasional,True,General Vedic
U0539,User1538,2025-07-24,one_time,False,Finance
U0540,User1539,2025-08-10,occasional,True,Career
U0541,User1540,2025-08-11,loyal,True,Career
U0542,User1541,2025-11-29,occasional,True,Relationship
U0543,User1542,2026-05-01,one_time,False,Career
U0544,User1543,2025-12-19,one_time,False,Marriage
U0545,User1544,2025-10-02,occasional,True,Career
U0546,User1545,2025-07-28,one_time,True,Finance
U0547,User1546,2026-05-08,occasional,True,Relationship
U0548,User1547,2025-10-06,one_time,False,General Vedic
U0549,User1548,2025-11-05,one_time,False,Finance
U0550,User1549,2025-12-09,occasional,False,Career
U0551,User1550,2026-02-07,loyal,True,Career
U0552,User1551,2026-06-08,one_time,True,Career
U0553,User1552,2026-05-18,occasional,False,Finance
U0554,User1553,2026-01-31,one_time,False,Career
U0555,User1554,2025-08-02,one_time,False,Finance
U0556,User1555,2025-07-31,occasional,True,Career
U0557,User1556,2025-09-16,occasional,True,General Vedic
U0558,User1557,2026-03-29,loyal,True,Relationship
U0559,User1558,2026-03-07,occasional,False,General Vedic
U0560,User1559,2026-04-10,loyal,True,General Vedic
U0561,User1560,2026-04-27,occasional,True,Relationship
U0562,User1561,2026-01-24,one_time,False,General Vedic
U0563,User1562,2025-10-22,occasional,True,Career
U0564,User1563,2025-12-21,loyal,True,Family
U0565,User1564,2026-03-11,occasional,False,Family
U0566,User1565,2025-08-27,loyal,True,General Vedic
U0567,User1566,2026-03-29,occasional,True,General Vedic
U0568,User1567,2025-09-13,one_time,True,Relationship
U0569,User1568,2025-10-25,loyal,True,Marriage
U0570,User1569,2026-02-02,loyal,True,Finance
U0571,User1570,2026-03-06,occasional,True,Marriage
U0572,User1571,2025-11-20,occasional,True,Health
U0573,User1572,2026-05-25,occasional,False,Career
U0574,User1573,2026-02-20,occasional,True,Relationship
U0575,User1574,2026-04-19,occasional,False,Relationship
U0576,User1575,2026-03-22,loyal,True,Career
U0577,User1576,2025-12-14,loyal,True,Family
U0578,User1577,2026-06-06,occasional,False,Family
U0579,User1578,2025-12-26,occasional,True,Finance
U0580,User1579,2025-08-17,loyal,True,Career
U0581,User1580,2025-07-25,loyal,False,Career
U0582,User1581,2026-04-01,occasional,False,Relationship
U0583,User1582,2026-01-22,one_time,False,Career
U0584,User1583,2026-04-20,one_time,True,Relationship
U0585,User1584,2026-06-05,occasional,True,Career
U0586,User1585,2026-02-23,occasional,True,Career
U0587,User1586,2025-12-17,loyal,True,Health
U0588,User1587,2026-04-18,one_time,False,Career
U0589,User1588,2026-06-05,one_time,True,General Vedic
U0590,User1589,2025-10-13,loyal,True,Finance
U0591,User1590,2026-01-19,occasional,True,Relationship
U0592,User1591,2025-11-07,one_time,False,Finance
U0593,User1592,2025-09-12,loyal,True,General Vedic
U0594,User1593,2025-07-15,one_time,False,Finance
U0595,User1594,2026-05-13,occasional,True,Career
U0596,User1595,2026-03-20,occasional,True,Family
U0597,User1596,2025-10-17,occasional,True,Health
U0598,User1597,2025-12-15,one_time,False,Health
U0599,User1598,2025-12-19,occasional,True,Family
U0600,User1599,2025-11-15,loyal,True,Finance
U0601,User1600,2026-03-14,one_time,False,Career
U0602,User1601,2026-03-25,one_time,False,Family
U0603,User1602,2026-01-16,one_time,True,Finance
U0604,User1603,2026-06-07,occasional,True,Finance
U0605,User1604,2025-08-22,one_time,False,Marriage
U0606,User1605,2025-07-27,one_time,False,Relationship
U0607,User1606,2025-12-13,occasional,True,Finance
U0608,User1607,2026-01-10,occasional,True,Career
U0609,User1608,2026-02-07,loyal,True,Career
U0610,User1609,2026-01-20,occasional,True,Family
U0611,User1610,2025-11-17,one_time,False,Relationship
U0612,User1611,2026-02-07,occasional,True,Marriage
U0613,User1612,2026-06-14,occasional,True,Relationship
U0614,User1613,2026-01-12,one_time,True,Relationship
U0615,User1614,2026-03-07,occasional,True,Marriage
U0616,User1615,2025-08-04,one_time,True,Relationship
U0617,User1616,2026-02-24,one_time,True,Career
U0618,User1617,2025-12-19,occasional,True,Relationship
U0619,User1618,2025-12-31,one_time,True,Career
U0620,User1619,2025-07-31,loyal,True,General Vedic
U0621,User1620,2026-02-03,one_time,False,Marriage
U0622,User1621,2025-07-20,one_time,True,General Vedic
U0623,User1622,2025-11-02,one_time,True,General Vedic
U0624,User1623,2025-11-08,occasional,True,Marriage
U0625,User1624,2026-05-07,occasional,True,Health
U0626,User1625,2026-01-12,one_time,False,Career
U0627,User1626,2026-05-06,one_time,False,Family
U0628,User1627,2025-10-30,occasional,True,Finance
U0629,User1628,2025-08-10,one_time,False,Marriage
U0630,User1629,2025-12-07,one_time,True,Career
U0631,User1630,2025-09-06,loyal,True,Relationship
U0632,User1631,2026-04-02,one_time,False,General Vedic
U0633,User1632,2025-08-04,loyal,True,General Vedic
U0634,User1633,2026-04-25,occasional,True,Career
U0635,User1634,2025-10-28,one_time,False,Career
U0636,User1635,2025-08-10,occasional,True,Relationship
U0637,User1636,2026-04-23,one_time,False,Finance
U0638,User1637,2025-12-03,one_time,False,Health
U0639,User1638,2025-10-28,occasional,False,Finance
U0640,User1639,2025-10-18,one_time,False,Career
U0641,User1640,2025-12-29,one_time,True,Finance
U0642,User1641,2026-05-27,loyal,True,Finance
U0643,User1642,2026-05-31,occasional,True,General Vedic
U0644,User1643,2026-01-07,one_time,False,Relationship
U0645,User1644,2026-05-24,occasional,True,Career
U0646,User1645,2026-05-19,one_time,True,General Vedic
U0647,User1646,2026-01-15,occasional,True,General Vedic
U0648,User1647,2025-10-22,one_time,True,Relationship
U0649,User1648,2025-11-27,occasional,True,Career
U0650,User1649,2026-01-06,one_time,False,Relationship
U0651,User1650,2026-02-08,loyal,True,General Vedic
U0652,User1651,2026-05-26,occasional,True,Career
U0653,User1652,2025-08-15,occasional,False,Marriage
U0654,User1653,2026-02-07,occasional,True,Finance
U0655,User1654,2025-09-21,loyal,True,Finance
U0656,User1655,2026-03-24,loyal,True,Finance
U0657,User1656,2025-09-03,one_time,False,Marriage
U0658,User1657,2026-04-04,one_time,False,Marriage
U0659,User1658,2025-11-07,one_time,False,Career
U0660,User1659,2026-04-16,loyal,True,Health
U0661,User1660,2025-11-05,loyal,True,Relationship
U0662,User1661,2026-02-22,one_time,False,Health
U0663,User1662,2025-12-15,occasional,True,Finance
U0664,User1663,2026-03-01,loyal,False,Marriage
U0665,User1664,2026-03-18,one_time,True,Career
U0666,User1665,2026-05-19,loyal,False,Family
U0667,User1666,2026-05-27,occasional,True,Career
U0668,User1667,2025-10-30,loyal,True,Family
U0669,User1668,2026-06-15,occasional,True,Finance
U0670,User1669,2026-01-14,one_time,True,Relationship
U0671,User1670,2025-09-21,one_time,True,Finance
U0672,User1671,2026-01-13,one_time,False,Marriage
U0673,User1672,2025-12-15,loyal,True,Family
U0674,User1673,2026-05-14,loyal,True,Relationship
U0675,User1674,2025-11-26,one_time,True,Health
U0676,User1675,2026-04-19,occasional,True,Health
U0677,User1676,2026-02-22,one_time,False,Career
U0678,User1677,2026-06-16,one_time,True,Career
U0679,User1678,2026-01-09,loyal,False,Career
U0680,User1679,2026-03-02,occasional,True,Career
U0681,User1680,2025-12-15,one_time,False,Finance
U0682,User1681,2026-05-21,occasional,True,Career
U0683,User1682,2025-10-09,loyal,True,General Vedic
U0684,User1683,2026-02-13,one_time,True,Career
U0685,User1684,2025-08-01,one_time,True,Relationship
U0686,User1685,2025-10-12,one_time,False,Family
U0687,User1686,2025-10-01,occasional,True,Career
U0688,User1687,2026-02-05,loyal,True,General Vedic
U0689,User1688,2025-12-20,occasional,True,Career
U0690,User1689,2025-08-05,one_time,False,Family
U0691,User1690,2025-07-20,loyal,True,Relationship
U0692,User1691,2025-11-28,one_time,True,Relationship
U0693,User1692,2026-06-05,loyal,True,Health
U0694,User1693,2025-10-01,occasional,True,Marriage
U0695,User1694,2026-03-28,occasional,True,Career
U0696,User1695,2026-05-09,one_time,True,Relationship
U0697,User1696,2025-11-05,one_time,False,Relationship
U0698,User1697,2025-08-15,one_time,True,Health
U0699,User1698,2026-03-06,loyal,True,Relationship
U0700,User1699,2026-01-07,occasional,False,Career
U0701,User1700,2026-03-15,one_time,True,Family
U0702,User1701,2025-12-06,one_time,True,Relationship
U0703,User1702,2025-07-19,one_time,True,General Vedic
U0704,User1703,2025-09-30,occasional,True,Family
U0705,User1704,2026-04-16,loyal,True,Career
U0706,User1705,2026-01-03,occasional,True,Career
U0707,User1706,2025-09-04,one_time,False,Career
U0708,User1707,2025-11-11,occasional,True,Finance
U0709,User1708,2026-03-28,occasional,False,Marriage
U0710,User1709,2026-01-02,occasional,False,Relationship
U0711,User1710,2025-08-25,one_time,True,Career
U0712,User1711,2025-07-12,one_time,True,General Vedic
U0713,User1712,2025-12-18,loyal,True,Career
U0714,User1713,2025-12-13,occasional,True,Relationship
U0715,User1714,2025-07-21,one_time,False,Finance
U0716,User1715,2026-01-20,loyal,True,Marriage
U0717,User1716,2026-05-25,one_time,True,Relationship
U0718,User1717,2025-07-30,one_time,False,General Vedic
U0719,User1718,2025-08-14,one_time,False,Career
U0720,User1719,2025-12-21,one_time,False,Health
U0721,User1720,2025-08-20,occasional,True,Career
U0722,User1721,2025-09-26,one_time,False,Relationship
U0723,User1722,2025-08-03,occasional,True,Relationship
U0724,User1723,2026-01-04,one_time,False,Relationship
U0725,User1724,2025-11-29,one_time,True,Marriage
U0726,User1725,2025-10-24,loyal,True,Career
U0727,User1726,2025-10-13,occasional,False,Marriage
U0728,User1727,2026-01-23,loyal,True,General Vedic
U0729,User1728,2025-12-23,occasional,True,General Vedic
U0730,User1729,2026-04-09,occasional,True,Family
U0731,User1730,2025-11-08,loyal,True,Career
U0732,User1731,2026-06-07,one_time,False,Career
U0733,User1732,2026-01-18,loyal,True,Health
U0734,User1733,2025-12-21,occasional,True,Career
U0735,User1734,2025-07-12,occasional,True,Relationship
U0736,User1735,2026-05-02,one_time,False,Career
U0737,User1736,2026-03-12,loyal,True,Relationship
U0738,User1737,2025-08-28,one_time,True,Health
U0739,User1738,2026-01-22,loyal,True,General Vedic
U0740,User1739,2025-09-10,one_time,False,Relationship
U0741,User1740,2026-01-18,one_time,True,Career
U0742,User1741,2026-06-14,one_time,False,Relationship
U0743,User1742,2025-10-22,occasional,False,Family
U0744,User1743,2025-10-02,occasional,True,General Vedic
U0745,User1744,2026-03-08,loyal,True,Health
U0746,User1745,2025-08-02,occasional,True,Relationship
U0747,User1746,2026-05-16,occasional,True,Relationship
U0748,User1747,2025-09-20,loyal,True,Finance
U0749,User1748,2026-02-09,one_time,False,General Vedic
U0750,User1749,2025-12-11,loyal,True,Family
U0751,User1750,2025-08-13,loyal,True,Finance
U0752,User1751,2025-12-07,occasional,True,Finance
U0753,User1752,2025-07-26,one_time,True,Health
U0754,User1753,2025-08-29,occasional,True,Health
U0755,User1754,2025-07-22,one_time,False,Family
U0756,User1755,2025-12-05,occasional,False,Family
U0757,User1756,2025-12-22,one_time,False,General Vedic
U0758,User1757,2025-07-25,loyal,True,Career
U0759,User1758,2025-09-14,occasional,False,Career
U0760,User1759,2025-09-29,one_time,False,Career
U0761,User1760,2026-02-08,one_time,True,Career
U0762,User1761,2025-09-05,occasional,True,Health
U0763,User1762,2025-10-17,one_time,True,General Vedic
U0764,User1763,2025-11-27,occasional,True,Relationship
U0765,User1764,2026-01-24,occasional,True,Health
U0766,User1765,2026-01-04,loyal,True,Marriage
U0767,User1766,2026-06-03,one_time,False,Finance
U0768,User1767,2025-09-18,occasional,True,General Vedic
U0769,User1768,2026-03-09,one_time,False,Marriage
U0770,User1769,2025-07-21,loyal,True,Career
U0771,User1770,2025-08-18,one_time,False,Health
U0772,User1771,2026-01-16,one_time,True,Family
U0773,User1772,2025-11-16,loyal,True,Health
U0774,User1773,2026-01-31,one_time,False,Relationship
U0775,User1774,2026-05-27,loyal,True,Career
U0776,User1775,2026-02-25,loyal,True,Relationship
U0777,User1776,2026-06-15,one_time,False,Career
U0778,User1777,2025-12-28,one_time,True,Relationship
U0779,User1778,2026-02-01,occasional,False,Finance
U0780,User1779,2026-02-25,occasional,True,Relationship
U0781,User1780,2025-12-26,loyal,True,Health
U0782,User1781,2025-11-17,occasional,False,Finance
U0783,User1782,2026-04-29,occasional,False,Finance
U0784,User1783,2026-04-13,one_time,True,Health
U0785,User1784,2026-03-19,one_time,True,Career
U0786,User1785,2025-09-16,loyal,True,Family
U0787,User1786,2026-03-28,one_time,False,Relationship
U0788,User1787,2026-02-04,one_time,True,Relationship
U0789,User1788,2025-12-28,one_time,True,Career
U0790,User1789,2026-04-24,loyal,True,Relationship
U0791,User1790,2026-02-21,one_time,False,Finance
U0792,User1791,2026-04-06,one_time,True,Relationship
U0793,User1792,2025-09-23,loyal,True,Relationship
U0794,User1793,2025-08-22,one_time,True,Marriage
U0795,User1794,2026-05-17,occasional,True,General Vedic
U0796,User1795,2026-04-15,occasional,True,Finance
U0797,User1796,2025-09-22,one_time,False,Relationship
U0798,User1797,2025-12-14,one_time,False,General Vedic
U0799,User1798,2026-01-24,one_time,True,Career
U0800,User1799,2025-12-03,one_time,False,Family
U0801,User1800,2026-04-15,loyal,True,Health
U0802,User1801,2025-10-02,loyal,True,General Vedic
U0803,User1802,2026-04-21,occasional,False,Marriage
U0804,User1803,2025-11-11,loyal,False,Relationship
U0805,User1804,2026-05-13,occasional,False,Finance
U0806,User1805,2025-10-02,occasional,False,Relationship
U0807,User1806,2025-07-25,occasional,True,Career
U0808,User1807,2025-09-19,loyal,True,Family
U0809,User1808,2025-08-28,one_time,True,Career
U0810,User1809,2025-08-23,occasional,False,Marriage
U0811,User1810,2026-01-04,one_time,False,Career
U0812,User1811,2026-03-20,loyal,True,Relationship
U0813,User1812,2026-01-23,one_time,True,Finance
U0814,User1813,2025-09-21,occasional,False,Family
U0815,User1814,2026-01-08,loyal,True,Career
U0816,User1815,2025-09-20,occasional,True,Health
U0817,User1816,2026-01-25,loyal,True,General Vedic
U0818,User1817,2026-04-01,one_time,False,Relationship
U0819,User1818,2026-06-13,one_time,False,Finance
U0820,User1819,2026-06-09,occasional,True,Relationship
U0821,User1820,2026-03-16,one_time,True,Career
U0822,User1821,2026-04-07,one_time,False,General Vedic
U0823,User1822,2025-08-02,loyal,True,Career
U0824,User1823,2025-12-05,occasional,True,Relationship
U0825,User1824,2025-09-17,occasional,True,Marriage
U0826,User1825,2025-09-04,one_time,False,Relationship
U0827,User1826,2025-09-16,one_time,False,Finance
U0828,User1827,2025-08-02,one_time,True,Marriage
U0829,User1828,2025-07-16,occasional,True,Family
U0830,User1829,2026-06-03,occasional,True,General Vedic
U0831,User1830,2026-02-09,occasional,True,Relationship
U0832,User1831,2025-10-11,occasional,True,Relationship
U0833,User1832,2026-03-19,occasional,True,Family
U0834,User1833,2026-04-03,one_time,True,Finance
U0835,User1834,2026-04-03,one_time,False,Relationship
U0836,User1835,2025-07-29,occasional,True,Career
U0837,User1836,2025-09-12,one_time,False,Career
U0838,User1837,2026-05-07,loyal,True,Family
U0839,User1838,2026-01-09,loyal,False,Career
U0840,User1839,2025-10-17,loyal,True,Relationship
U0841,User1840,2025-09-03,one_time,False,General Vedic
U0842,User1841,2025-11-03,occasional,True,Career
U0843,User1842,2026-01-22,one_time,False,Marriage
U0844,User1843,2026-04-29,one_time,False,General Vedic
U0845,User1844,2025-10-24,occasional,True,Health
U0846,User1845,2025-09-11,one_time,True,Marriage
U0847,User1846,2026-02-05,occasional,True,Health
U0848,User1847,2025-11-04,one_time,True,Finance
U0849,User1848,2025-10-05,occasional,False,Marriage
U0850,User1849,2025-09-08,occasional,True,Marriage
U0851,User1850,2026-01-15,one_time,False,Career
U0852,User1851,2026-02-20,one_time,True,Finance
U0853,User1852,2026-04-05,one_time,True,Health
U0854,User1853,2025-08-21,one_time,False,General Vedic
U0855,User1854,2026-05-09,occasional,False,General Vedic
U0856,User1855,2026-05-24,one_time,True,Career
U0857,User1856,2025-07-15,occasional,True,Marriage
U0858,User1857,2026-03-15,one_time,True,General Vedic
U0859,User1858,2025-07-15,one_time,True,Career
U0860,User1859,2025-12-21,one_time,False,Finance
U0861,User1860,2025-11-26,one_time,True,Relationship
U0862,User1861,2026-01-18,one_time,False,General Vedic
U0863,User1862,2025-08-21,loyal,True,Relationship
U0864,User1863,2025-07-18,one_time,True,Marriage
U0865,User1864,2026-05-03,one_time,False,Health
U0866,User1865,2026-04-16,one_time,True,Marriage
U0867,User1866,2026-01-29,one_time,True,Career
U0868,User1867,2026-04-23,loyal,True,Finance
U0869,User1868,2025-09-13,one_time,False,Relationship
U0870,User1869,2026-01-14,one_time,False,Health
U0871,User1870,2026-01-19,loyal,True,General Vedic
U0872,User1871,2025-11-07,occasional,True,Finance
U0873,User1872,2026-05-26,one_time,False,Relationship
U0874,User1873,2026-02-03,loyal,True,Career
U0875,User1874,2025-10-04,loyal,True,Relationship
U0876,User1875,2026-01-04,one_time,False,Finance
U0877,User1876,2026-01-01,occasional,False,Relationship
U0878,User1877,2026-01-15,loyal,True,General Vedic
U0879,User1878,2025-10-04,occasional,True,Health
U0880,User1879,2026-04-23,one_time,False,Career
U0881,User1880,2026-01-30,one_time,True,Career
U0882,User1881,2025-11-08,one_time,False,Career
U0883,User1882,2026-04-21,occasional,True,Relationship
U0884,User1883,2026-02-11,occasional,True,Finance
U0885,User1884,2025-10-31,one_time,False,Health
U0886,User1885,2026-04-17,one_time,True,Finance
U0887,User1886,2026-02-23,occasional,True,Finance
U0888,User1887,2025-10-26,occasional,False,Career
U0889,User1888,2026-05-30,occasional,True,Relationship
U0890,User1889,2025-10-12,loyal,True,Family
U0891,User1890,2025-08-25,one_time,True,Marriage
U0892,User1891,2025-11-28,loyal,True,Relationship
U0893,User1892,2025-11-21,loyal,True,Health
U0894,User1893,2026-04-26,loyal,True,Marriage
U0895,User1894,2026-04-29,occasional,True,Health
U0896,User1895,2025-12-25,occasional,True,Marriage
U0897,User1896,2026-05-30,one_time,True,Career
U0898,User1897,2026-02-06,occasional,True,Relationship
U0899,User1898,2026-02-24,occasional,True,Career
U0900,User1899,2026-01-19,loyal,True,Career
